"variable","site","year","ntree","bias","var.ratio","cor1","cor2","RMSE"
"no","es0118a",2018,50,1.02151671385102,0.516283048256501,0.850255713657417,0.358210342774021,0.0557091238050841
"no","es0118a",2018,70,1.01734996893314,0.503524770026756,0.8365176279336,0.359847429688368,0.0577318492975407
"no","es0118a",2019,50,1.34096697215007,0.617775830654623,0.767666483200521,0.360243676976204,0.0632122488019116
"no","es0118a",2019,70,1.34441596479517,0.636529827988019,0.769240985320754,0.35591295024604,0.0631905767980733
